<?xml version="1.0" encoding="UTF-8"?>
<jdbcDataSource exportedWithPermissions="true"><folder>/public/Samples/Data_Sources</folder><name>ds_DemoData</name><version>0</version><label>ds_DemoData</label><creationDate>2015-07-14T13:14:08.472-04:00</creationDate><updateDate>2014-09-08T13:40:04.380-04:00</updateDate><driver>org.postgresql.Driver</driver><connectionUrl>jdbc:postgresql://localhost:5432/demo_data</connectionUrl><connectionUser>postgres</connectionUser><connectionPassword>ENC&lt;B7C77EB9023F241CECD504AD17BE454D&gt;</connectionPassword><timezone></timezone></jdbcDataSource>