<?xml version="1.0" encoding="UTF-8"?>
<reportUnit exportedWithPermissions="true"><folder>/public/Samples/MyExamples/Visualize_JSON_Export_Example</folder><name>products</name><version>3</version><label>products</label><description></description><creationDate>2015-10-27T15:46:03.757-04:00</creationDate><updateDate>2015-10-28T13:23:57.708-04:00</updateDate><mainReport><localResource xmlns:xsi="http://www.w3.org/2001/XMLSchema-instance" exportedWithPermissions="false" dataFile="main_jrxml.data" xsi:type="fileResource"><folder>/public/Samples/MyExamples/Visualize_JSON_Export_Example/products_files</folder><name>main_jrxml</name><version>6</version><label>Main jrxml</label><creationDate>2015-10-27T15:46:03.757-04:00</creationDate><updateDate>2015-10-28T13:23:57.619-04:00</updateDate><fileType>jrxml</fileType></localResource></mainReport><dataSource><uri>/public/Samples/Data_Sources/FoodmartDataSource</uri></dataSource><alwaysPromptControls>true</alwaysPromptControls><controlsLayout>1</controlsLayout></reportUnit>