<?xml version="1.0" encoding="UTF-8"?>
<reportUnit exportedWithPermissions="true"><folder>/public/Samples/MyExamples/Visualize_JSON_Export_Example</folder><name>stores</name><version>2</version><label>stores</label><description></description><creationDate>2015-10-27T15:47:18.966-04:00</creationDate><updateDate>2015-10-28T15:04:51.537-04:00</updateDate><mainReport><localResource xmlns:xsi="http://www.w3.org/2001/XMLSchema-instance" exportedWithPermissions="false" dataFile="main_jrxml.data" xsi:type="fileResource"><folder>/public/Samples/MyExamples/Visualize_JSON_Export_Example/stores_files</folder><name>main_jrxml</name><version>4</version><label>Main jrxml</label><creationDate>2015-10-27T15:47:18.966-04:00</creationDate><updateDate>2015-10-28T15:04:51.356-04:00</updateDate><fileType>jrxml</fileType></localResource></mainReport><dataSource><uri>/public/Samples/Data_Sources/FoodmartDataSource</uri></dataSource><alwaysPromptControls>true</alwaysPromptControls><controlsLayout>1</controlsLayout></reportUnit>