<?xml version="1.0" encoding="UTF-8"?>
<reportUnit exportedWithPermissions="true"><folder>/public/Samples/MyExamples/Visualize_JSON_Export_Example</folder><name>The_Report</name><version>8</version><label>The Report</label><description></description><creationDate>2015-10-26T10:16:01.497-04:00</creationDate><updateDate>2015-10-26T12:46:54.595-04:00</updateDate><mainReport><localResource xmlns:xsi="http://www.w3.org/2001/XMLSchema-instance" exportedWithPermissions="false" dataFile="main_jrxml.data" xsi:type="fileResource"><folder>/public/Samples/MyExamples/Visualize_JSON_Export_Example/The_Report_files</folder><name>main_jrxml</name><version>16</version><label>Main jrxml</label><creationDate>2015-10-26T10:16:01.497-04:00</creationDate><updateDate>2015-10-26T12:46:54.472-04:00</updateDate><fileType>jrxml</fileType></localResource></mainReport><dataSource><uri>/public/Samples/Data_Sources/ds_DemoData</uri></dataSource><alwaysPromptControls>true</alwaysPromptControls><controlsLayout>1</controlsLayout></reportUnit>